{
    "name": "Ryan's Cyboard",
    "vendorId": "0xFEED",
    "productId": "0x0000",
    "lighting": "none",
    "matrix": {
        "rows": 14,
        "cols": 8
    },
    "layouts": {
        "keymap":
[
  [
    "0, 0",
    {
      "w": 0.946
    },
    "0, 1",
    {
      "w": 0.946
    },
    "0, 2",
    {
      "w": 0.946
    },
    "0, 3",
    {
      "w": 0.946
    },
    "0, 4",
    {
      "w": 0.946
    },
    "0, 5",
    {
      "w": 0.946
    },
    "0, 6",
    {
      "w": 0.946
    },
    "0, 7",
    {
      "w": 0.946
    },
    "7, 1",
    {
      "w": 0.946
    },
    "7, 2",
    {
      "w": 0.946
    },
    "7, 3",
    {
      "w": 0.946
    },
    "7, 4",
    {
      "w": 0.946
    },
    "7, 5",
    {
      "w": 0.946
    },
    "7, 6",
    {
      "w": 0.946
    },
    "7, 7",
    {
      "w": 0.946
    },
    "7, 8"
  ],
  [
    {
      "x": 0.5
    },
    "1, 1",
    "1, 2",
    "1, 3",
    "1, 4",
    "1, 5",
    "1, 6",
    "1, 7",
    "8, 1",
    "8, 2",
    "8, 3",
    "8, 4",
    "8, 5",
    "8, 6",
    {
      "w": 1.5
    },
    "8, 8"
  ],
  [
    {
      "x": 0.5,
      "w": 1.5
    },
    "2, 2",
    "2, 3",
    "2, 4",
    "2, 5",
    "2, 6",
    "2, 7",
    "9, 1",
    "9, 2",
    "9, 3",
    "9, 4",
    "9, 5",
    "9, 6",
    "9, 7",
    "9, 8"
  ],
  [
    {
      "x": 0.75,
      "w": 1.5
    },
    "3, 2",
    "3, 3",
    "3, 4",
    "3, 5",
    "3, 6",
    "3, 7",
    "10, 1",
    "10, 2",
    "10, 3",
    "10, 4",
    "10, 5",
    "10, 6",
    {
      "w": 1.5
    },
    "10, 8"
  ],
  [
    {
      "x": 1.25,
      "w": 1.5
    },
    "4, 2",
    "4, 4",
    "4, 5",
    "4, 6",
    "4, 7",
    "11, 1",
    "11, 2",
    "11, 3",
    "11, 4",
    "11, 5",
    "11, 6",
    {
      "w": 1.5
    },
    "11, 7"
  ],
  [
    {
      "y": -0.10498687664042006,
      "x": 13
    },
    "12, 7"
  ],
  [
    {
      "y": -0.89501312336,
      "x": 0.5
    },
    "5, 2",
    "5, 3",
    "5, 4",
    "5, 5",
    {
      "x": 0.75,
      "w": 1.5
    },
    "5, 7",
    {
      "x": 1,
      "w": 1.5
    },
    "12, 2",
    {
      "x": 0.75
    },
    "12, 4",
    "12, 5"
  ],
  [
    {
      "y": -0.7637795275589996,
      "x": 12,
      "h": 1.5
    },
    "12, 6",
    {
      "x": 1,
      "h": 1.5
    },
    "12, 8"
  ],
  [
    {
      "y": -0.4461942257210003,
      "x": 13
    },
    "13, 7"
  ]
]
    }
}
