{
    "name": "Abhijit's Cyboard",
    "vendorId": "0xFEED",
    "productId": "0x0000",
    "lighting": "none",
    "matrix": {
        "rows": 7,
        "cols": 18
    },
    "layouts": {
        "keymap":
[
  [
    {
      "y": -4.440892098500626e-16,
      "x": 10.63023622047244
    },
    "6,14"
  ],
  [
    {
      "y": -0.9999999999999998,
      "x": 3.0711811023622047
    },
    "6,5"
  ],
  [
    {
      "y": -0.8236220472440955,
      "x": 11.57511811023622
    },
    "6,15"
  ],
  [
    {
      "y": -0.9999999999999999,
      "x": 2.126299212598425
    },
    "6,6"
  ],
  [
    {
      "y": -0.8568678915135597,
      "x": 9.68535433070866
    },
    "6,13"
  ],
  [
    {
      "y": -0.9999999999999998,
      "x": 4.016062992125984
    },
    "6,4"
  ],
  [
    {
      "y": -0.9212598425196854,
      "x": 8.740472440944881
    },
    "6,12"
  ],
  [
    {
      "y": -0.9999999999999998,
      "x": 4.9609448818897635
    },
    "6,3"
  ],
  [
    {
      "y": -0.9212598425196852,
      "x": 7.795590551181102
    },
    "6,11"
  ],
  [
    {
      "y": -0.9999999999999998,
      "x": 5.905826771653543
    },
    "6,2"
  ],
  [
    {
      "y": -0.6794400699912521,
      "x": 1.1814173228346456
    },
    "6,7",
    {
      "x": 10.338582677165354
    },
    "6,16"
  ],
  [
    {
      "y": -1,
      "x": -0.24968503937007872,
      "w": 1.5
    },
    "6,8",
    {
      "x": 12.2007874015748,
      "w": 1.5
    },
    "6,17"
  ],
  [
    {
      "y": -0.9033045032121887,
      "x": 3.0711811023622047
    },
    "5,5",
    {
      "x": 6.559055118110235
    },
    "5,14"
  ],
  [
    {
      "y": -0.8236220472440945,
      "x": 2.126299212598425
    },
    "5,6",
    {
      "x": 8.448818897637794
    },
    "5,15"
  ],
  [
    {
      "y": -0.8568678915135608,
      "x": 4.016062992125984
    },
    "5,4",
    {
      "x": 4.669291338582677
    },
    "5,13"
  ],
  [
    {
      "y": -0.9212598425196847,
      "x": 4.9609448818897635
    },
    "5,3",
    {
      "x": 2.7795275590551176
    },
    "5,12"
  ],
  [
    {
      "y": -0.9212598425196852,
      "x": 5.905826771653543
    },
    "5,2",
    {
      "x": 0.8897637795275593
    },
    "5,11"
  ],
  [
    {
      "y": -0.6794400699912508,
      "x": -0.24981627296587913,
      "w": 1.5
    },
    "5,8",
    {
      "x": -0.06876640419947533
    },
    "5,7",
    {
      "x": 10.338582677165354
    },
    "5,16",
    {
      "x": -0.068766404199474,
      "w": 1.5
    },
    "5,17"
  ],
  [
    {
      "y": -0.8657089932449338,
      "x": 3.0711811023622047
    },
    "4,5",
    {
      "x": 6.559055118110235
    },
    "4,14"
  ],
  [
    {
      "y": -0.8236220472440943,
      "x": 2.126299212598425
    },
    "4,6",
    {
      "x": 8.448818897637794
    },
    "4,15"
  ],
  [
    {
      "y": -0.8568678915135606,
      "x": 4.016062992125984
    },
    "4,4",
    {
      "x": 4.669291338582677
    },
    "4,13"
  ],
  [
    {
      "y": -0.9212598425196847,
      "x": 4.9609448818897635
    },
    "4,3",
    {
      "x": 2.7795275590551176
    },
    "4,12"
  ],
  [
    {
      "y": -0.9212598425196852,
      "x": 5.905826771653543
    },
    "4,2",
    {
      "x": 0.8897637795275593
    },
    "4,11"
  ],
  [
    {
      "y": -0.6794400699912511,
      "x": -0.24994750656167955,
      "w": 1.5
    },
    "4,8",
    {
      "x": -0.06863517060367474
    },
    "4,7",
    {
      "x": 10.338582677165354
    },
    "4,16",
    {
      "x": -0.06863517060367563,
      "w": 1.5
    },
    "4,17"
  ],
  [
    {
      "y": -0.8467216568130578,
      "x": 3.0711811023622047
    },
    "3,5",
    {
      "x": 6.559055118110235
    },
    "3,14"
  ],
  [
    {
      "y": -0.8236220472440943,
      "x": 2.126299212598425
    },
    "3,6",
    {
      "x": 8.448818897637794
    },
    "3,15"
  ],
  [
    {
      "y": -0.856867891513561,
      "x": 4.016062992125984
    },
    "3,4",
    {
      "x": 4.669291338582677
    },
    "3,13"
  ],
  [
    {
      "y": -0.9212598425196852,
      "x": 4.9609448818897635
    },
    "3,3",
    {
      "x": 2.7795275590551176
    },
    "3,12"
  ],
  [
    {
      "y": -0.9212598425196852,
      "x": 5.905826771653543
    },
    "3,2",
    {
      "x": 0.8897637795275593
    },
    "3,11"
  ],
  [
    {
      "y": -0.679440069991252,
      "x": -0.25,
      "w": 1.5
    },
    "3,8",
    {
      "x": -0.06858267716535438
    },
    "3,7",
    {
      "x": 10.338582677165354
    },
    "3,16",
    {
      "x": -0.06858267716535416,
      "w": 1.5
    },
    "3,17"
  ],
  [
    {
      "y": -0.8330380141653468,
      "x": 3.0711811023622047
    },
    "2,5",
    {
      "x": 6.559055118110235
    },
    "2,14"
  ],
  [
    {
      "y": -0.8236220472440952,
      "x": 2.126299212598425
    },
    "2,6",
    {
      "x": 8.448818897637794
    },
    "2,15"
  ],
  [
    {
      "y": -0.8568678915135601,
      "x": 4.016062992125984
    },
    "2,4",
    {
      "x": 4.669291338582677
    },
    "2,13"
  ],
  [
    {
      "y": -0.9212598425196852,
      "x": 4.9609448818897635
    },
    "2,3",
    {
      "x": 2.7795275590551176
    },
    "2,12"
  ],
  [
    {
      "y": -0.9212598425196852,
      "x": 5.905826771653543
    },
    "2,2",
    {
      "x": 0.8897637795275593
    },
    "2,11"
  ],
  [
    {
      "y": -0.6794400699912515,
      "x": -0.24984251968503862,
      "w": 1.5
    },
    "2,8",
    {
      "x": -0.0687401574803157
    },
    "2,7",
    {
      "x": 10.338582677165354
    },
    "2,16",
    {
      "x": -0.06874015748031503,
      "w": 1.5
    },
    "2,17"
  ],
  [
    {
      "y": -0.8636784881988628,
      "x": 3.0711811023622047
    },
    "1,5",
    {
      "x": 6.559055118110235
    },
    "1,14"
  ],
  [
    {
      "y": -0.8236220472440952,
      "x": 2.126299212598425
    },
    "1,6",
    {
      "x": 8.448818897637794
    },
    "1,15"
  ],
  [
    {
      "y": -0.7605013454048182,
      "x": 4.065566592694772
    },
    "0,4",
    {
      "x": 4.5702841374451015
    },
    "0,13"
  ],
  [
    {
      "y": -0.8767019079010074,
      "x": 5.180436965520829
    },
    "0,3",
    {
      "x": 2.3405433917929868
    },
    "0,12"
  ],
  [
    {
      "y": -0.7416243932383564,
      "x": -0.24952755905511884,
      "w": 1.5
    },
    "1,8",
    {
      "x": -0.06905511811023546
    },
    "1,7",
    {
      "x": 10.338582677165354
    },
    "1,16",
    {
      "x": -0.06905511811023324,
      "w": 1.5
    },
    "1,17"
  ],
  [
    {
      "y": -0.8943266446591478,
      "x": 6.242453579587554
    },
    "0,1",
    {
      "x": 0.216510163659537
    },
    "0,10"
  ],
  [
    {
      "y": -0.4124589959053466,
      "x": 6.500148956456398
    },
    "0,9",
    {
      "x": -0.29888059007815126
    },
    "0,0"
  ]
]
    }
}
