{
    "name": "Ryan's Cyboard",
    "vendorId": "0xFEED",
    "productId": "0x0000",
    "lighting": "none",
    "matrix": {
        "rows": 14,
        "cols": 8
    },
    "layouts": {
        "keymap":
[
  [
    "6, 0",
    {
      "w": 0.946
    },
    "6, 1",
    {
      "w": 0.946
    },
    "6, 2",
    {
      "w": 0.946
    },
    "6, 3",
    {
      "w": 0.946
    },
    "6, 4",
    {
      "w": 0.946
    },
    "6, 5",
    {
      "w": 0.946
    },
    "6, 6",
    {
      "w": 0.946
    },
    "6, 7",
    {
      "w": 0.946,
      "x": 0.5
    },
    "13, 0",
    {
      "w": 0.946
    },
    "13, 1",
    {
      "w": 0.946
    },
    "13, 2",
    {
      "w": 0.946
    },
    "13, 3",
    {
      "w": 0.946
    },
    "13, 4",
    {
      "w": 0.946
    },
    "13, 5",
    {
      "w": 0.946
    },
    "13, 6",
    {
      "w": 0.946
    },
    "13, 7"
  ],
  [
    {
      "x": 0.5
    },
    "5, 1",
    "5, 2",
    "5, 3",
    "5, 4",
    "5, 5",
    "5, 6",
    "5, 7",
    {
      "x": 0.5
    },
    "12, 0",
    "12, 1",
    "12, 2",
    "12, 3",
    "12, 4",
    "12, 5",
    {
      "w": 1.5
    },
    "12, 7"
  ],
  [
    {
      "x": 0.5,
      "w": 1.5
    },
    "4, 2",
    "4, 3",
    "4, 4",
    "4, 5",
    "4, 6",
    "4, 7",
    {
      "x": 0.5
    },
    "11, 0",
    "11, 1",
    "11, 2",
    "11, 3",
    "11, 4",
    "11, 5",
    "11, 6",
    "11, 7"
  ],
  [
    {
      "x": 0.75,
      "w": 1.5
    },
    "3, 2",
    "3, 3",
    "3, 4",
    "3, 5",
    "3, 6",
    "3, 7",
    {
      "x": 0.5
    },
    "10, 0",
    "10, 1",
    "10, 2",
    "10, 3",
    "10, 4",
    "10, 5",
    {
      "w": 1.5
    },
    "10, 7"
  ],
  [
    {
      "x": 1.25,
      "w": 1.5
    },
    "2, 2",
    "2, 4",
    "2, 5",
    "2, 6",
    "2, 7",
    {
      "x": 0.5
    },
    "9, 0",
    "9, 1",
    "9, 2",
    "9, 3",
    "9, 4",
    "9, 5",
    {
      "w": 1.5
    },
    "9, 6"
  ],
  [
    {
      "y": -0.10498687664042006,
      "x": 13.5
    },
    "8, 6"
  ],
  [
    {
      "y": -0.89501312336,
      "x": 0.5
    },
    "1, 2",
    "1, 3",
    "1, 4",
    "1, 5",
    {
      "x": 0.75,
      "w": 1.5
    },
    "1, 7",
    {
      "x": 1.5,
      "w": 1.5
    },
    "8, 1",
    {
      "x": 0.75
    },
    "8, 3",
    "8, 4"
  ],
  [
    {
      "y": -0.7637795275589996,
      "x": 12.5,
      "h": 1.5
    },
    "8, 5",
    {
      "x": 1,
      "h": 1.5
    },
    "8, 7"
  ],
  [
    {
      "y": -0.4461942257210003,
      "x": 13.5
    },
    "7, 6"
  ]
]
    }
}
