{
    "name": "Adam's Cyboard",
    "vendorId": "0xFEED",
    "productId": "0x0000",
    "lighting": "none",
    "matrix": {
        "rows": 14,
        "cols": 9
    },
    "layouts": {
        "keymap":
[
  [
    {
      "y": -2.220446049250313e-16,
      "x": 3.0711811023622047
    },
    "6,5",
    {
      "x": 9.260174528032083
    },
    "13,5"
  ],
  [
    {
      "y": -0.8236220472440953,
      "x": 2.126299212598425
    },
    "6,6",
    {
      "x": 11.149938307559642
    },
    "13,6"
  ],
  [
    {
      "y": -0.8568678915135595,
      "x": 4.016062992125984
    },
    "6,4",
    {
      "x": 7.370410748504525
    },
    "13,4"
  ],
  [
    {
      "y": -0.9212598425196852,
      "x": 4.9609448818897635
    },
    "6,3",
    {
      "x": 5.4806469689769655
    },
    "13,3"
  ],
  [
    {
      "y": -0.921259842519685,
      "x": 5.905826771653543
    },
    "6,2",
    {
      "x": 3.590883189449408
    },
    "13,2"
  ],
  [
    {
      "y": -0.6794400699912521,
      "x": 1.1814173228346456
    },
    "6,7",
    {
      "x": 13.039702087087202
    },
    "13,7"
  ],
  [
    {
      "y": -1,
      "x": -0.24968503937007872,
      "w": 1.5
    },
    "6,8",
    {
      "x": 14.901906811496652,
      "w": 1.5
    },
    "13,8"
  ],
  [
    {
      "y": -0.9033045032121887,
      "x": 3.0711811023622047
    },
    "5,5",
    {
      "x": 9.260174528032083
    },
    "12,5"
  ],
  [
    {
      "y": -0.8236220472440945,
      "x": 2.126299212598425
    },
    "5,6",
    {
      "x": 11.149938307559642
    },
    "12,6"
  ],
  [
    {
      "y": -0.8568678915135608,
      "x": 4.016062992125984
    },
    "5,4",
    {
      "x": 7.370410748504525
    },
    "12,4"
  ],
  [
    {
      "y": -0.9212598425196847,
      "x": 4.9609448818897635
    },
    "5,3",
    {
      "x": 5.4806469689769655
    },
    "12,3"
  ],
  [
    {
      "y": -0.9212598425196852,
      "x": 5.905826771653543
    },
    "5,2",
    {
      "x": 3.590883189449408
    },
    "12,2"
  ],
  [
    {
      "y": -0.6794400699912508,
      "x": -0.24981627296587913,
      "w": 1.5
    },
    "5,8",
    {
      "x": -0.06876640419947533
    },
    "5,7",
    {
      "x": 13.039702087087202
    },
    "12,7",
    {
      "x": -0.06876640419947577,
      "w": 1.5
    },
    "12,8"
  ],
  [
    {
      "y": -0.8657089932449338,
      "x": 3.0711811023622047
    },
    "4,5",
    {
      "x": 9.260174528032083
    },
    "11,5"
  ],
  [
    {
      "y": -0.8236220472440943,
      "x": 2.126299212598425
    },
    "4,6",
    {
      "x": 11.149938307559642
    },
    "11,6"
  ],
  [
    {
      "y": -0.8568678915135606,
      "x": 4.016062992125984
    },
    "4,4",
    {
      "x": 7.370410748504525
    },
    "11,4"
  ],
  [
    {
      "y": -0.9212598425196847,
      "x": 4.9609448818897635
    },
    "4,3",
    {
      "x": 5.4806469689769655
    },
    "11,3"
  ],
  [
    {
      "y": -0.9212598425196852,
      "x": 5.905826771653543
    },
    "4,2",
    {
      "x": 3.590883189449408
    },
    "11,2"
  ],
  [
    {
      "y": -0.6794400699912511,
      "x": -0.24994750656167955,
      "w": 1.5
    },
    "4,8",
    {
      "x": -0.06863517060367474
    },
    "4,7",
    {
      "x": 13.039702087087202
    },
    "11,7",
    {
      "x": -0.06863517060367386,
      "w": 1.5
    },
    "11,8"
  ],
  [
    {
      "y": -0.8467216568130578,
      "x": 3.0711811023622047
    },
    "3,5",
    {
      "x": 9.260174528032083
    },
    "10,5"
  ],
  [
    {
      "y": -0.8236220472440943,
      "x": 2.126299212598425
    },
    "3,6",
    {
      "x": 11.149938307559642
    },
    "10,6"
  ],
  [
    {
      "y": -0.856867891513561,
      "x": 4.016062992125984
    },
    "3,4",
    {
      "x": 7.370410748504525
    },
    "10,4"
  ],
  [
    {
      "y": -0.9212598425196852,
      "x": 4.9609448818897635
    },
    "3,3",
    {
      "x": 5.4806469689769655
    },
    "10,3"
  ],
  [
    {
      "y": -0.9212598425196852,
      "x": 5.905826771653543
    },
    "3,2",
    {
      "x": 3.590883189449408
    },
    "10,2"
  ],
  [
    {
      "y": -0.679440069991252,
      "x": -0.25,
      "w": 1.5
    },
    "3,8",
    {
      "x": -0.06858267716535438
    },
    "3,7",
    {
      "x": 13.039702087087202
    },
    "10,7",
    {
      "x": -0.06858267716535238,
      "w": 1.5
    },
    "10,8"
  ],
  [
    {
      "y": -0.8330380141653468,
      "x": 3.0711811023622047
    },
    "2,5",
    {
      "x": 9.260174528032083
    },
    "9,5"
  ],
  [
    {
      "y": -0.8236220472440952,
      "x": 2.126299212598425
    },
    "2,6",
    {
      "x": 11.149938307559642
    },
    "9,6"
  ],
  [
    {
      "y": -0.8568678915135601,
      "x": 4.016062992125984
    },
    "2,4",
    {
      "x": 7.370410748504525
    },
    "9,4"
  ],
  [
    {
      "y": -0.9212598425196852,
      "x": 4.9609448818897635
    },
    "2,3",
    {
      "x": 5.4806469689769655
    },
    "9,3"
  ],
  [
    {
      "y": -0.9212598425196852,
      "x": 5.905826771653543
    },
    "2,2",
    {
      "x": 3.590883189449408
    },
    "9,2"
  ],
  [
    {
      "y": -0.6794400699912515,
      "x": -0.24984251968503862,
      "w": 1.5
    },
    "2,8",
    {
      "x": -0.0687401574803157
    },
    "2,7",
    {
      "x": 13.039702087087202
    },
    "9,7",
    {
      "x": -0.06874015748031681,
      "w": 1.5
    },
    "9,8"
  ],
  [
    {
      "y": -0.8636784881988628,
      "x": 3.0711811023622047
    },
    "1,5",
    {
      "x": 9.260174528032083
    },
    "8,5"
  ],
  [
    {
      "y": -0.8236220472440952,
      "x": 2.126299212598425
    },
    "1,6",
    {
      "x": 11.149938307559642
    },
    "8,6"
  ],
  [
    {
      "y": -0.7605013454048182,
      "x": 4.065566592694772
    },
    "0,4",
    {
      "x": 7.271403547366949
    },
    "7,4"
  ],
  [
    {
      "y": -0.8767019079010074,
      "x": 5.180436965520829
    },
    "0,3",
    {
      "x": 5.041662801714835
    },
    "7,3"
  ],
  [
    {
      "y": -0.7416243932383564,
      "x": -0.24952755905511884,
      "w": 1.5
    },
    "1,8",
    {
      "x": -0.06905511811023546
    },
    "1,7",
    {
      "x": 13.039702087087202
    },
    "8,7",
    {
      "x": -0.06905511811023501,
      "w": 1.5
    },
    "8,8"
  ],
  [
    {
      "y": -0.8943266446591478,
      "x": 6.242453579587554
    },
    "0,1",
    {
      "x": 2.917629573581385
    },
    "7,1"
  ],
  [
    {
      "y": -0.4124589959053466,
      "x": 7.201268366378247
    },
    "0,0",
    {
      "x": 0.9999999999999982
    },
    "7,0"
  ]
]
    }
}
